{
	"appId": "in.beaconcha.mobile",
	"appName": "Beaconchain Dashboard",
	"bundledWebRuntime": false,
	"npmClient": "npm",
	"webDir": "www",
	"plugins": {
		"SplashScreen": {
			"launchAutoHide": false,
			"androidScaleType": "CENTER_CROP"
		},
		"CapacitorHttp": {
			"enabled": true
		}
	},
	"server": {
		"androidScheme": "http"
	},
	"android": {
		"flavor": "prod"
	},
	"packageClassList": [
		"OAuth2ClientPlugin",
		"AppPlugin",
		"CAPBrowserPlugin",
		"ClipboardPlugin",
		"DevicePlugin",
		"HapticsPlugin",
		"KeyboardPlugin",
		"LocalNotificationsPlugin",
		"PreferencesPlugin",
		"PushNotificationsPlugin",
		"SplashScreenPlugin",
		"StatusBarPlugin",
		"ToastPlugin",
		"NavigationBar",
		"CDVPlugin"
	]
}
